status,delay,file_size_mb,timestamp,error
success,0.161,1.61,2025-12-15 19:40:24,
success,0.001,1.61,2025-12-15 19:40:25,
success,0.001,1.61,2025-12-15 19:40:25,
success,0.001,1.61,2025-12-15 19:40:26,
success,0.001,1.61,2025-12-15 19:40:27,
success,0.000,1.61,2025-12-15 19:40:27,
success,0.000,1.61,2025-12-15 19:40:28,
success,0.001,1.61,2025-12-15 19:40:28,
success,0.001,1.61,2025-12-15 19:40:29,
success,0.000,1.61,2025-12-15 19:40:29,
success,0.000,1.61,2025-12-15 19:40:30,
success,0.000,1.61,2025-12-15 19:40:30,
success,0.001,1.61,2025-12-15 19:40:31,
success,0.001,1.61,2025-12-15 19:40:31,
success,0.001,1.61,2025-12-15 19:40:32,
success,0.001,1.61,2025-12-15 19:40:32,
success,0.001,1.61,2025-12-15 19:40:33,
success,0.001,1.61,2025-12-15 19:40:33,
success,0.000,1.61,2025-12-15 19:40:34,
success,0.000,1.61,2025-12-15 19:40:34,
success,0.000,1.61,2025-12-15 19:40:35,
success,0.001,1.61,2025-12-15 19:40:35,
success,0.000,1.61,2025-12-15 19:40:36,
success,0.001,1.61,2025-12-15 19:40:36,
success,0.000,1.61,2025-12-15 19:40:37,
success,0.001,1.61,2025-12-15 19:40:38,
success,0.001,1.61,2025-12-15 19:40:38,
success,0.001,1.61,2025-12-15 19:40:39,
success,0.001,1.61,2025-12-15 19:40:39,
success,0.001,1.61,2025-12-15 19:40:40,
success,0.000,1.61,2025-12-15 19:40:40,
success,0.001,1.61,2025-12-15 19:40:41,
success,0.000,1.61,2025-12-15 19:40:41,
success,0.000,1.61,2025-12-15 19:40:42,
success,0.000,1.61,2025-12-15 19:40:42,
success,0.000,1.61,2025-12-15 19:40:43,
success,0.001,1.61,2025-12-15 19:40:43,
success,0.001,1.61,2025-12-15 19:40:44,
success,0.000,1.61,2025-12-15 19:40:44,
success,0.001,1.61,2025-12-15 19:40:45,
success,0.001,1.61,2025-12-15 19:40:45,
success,0.000,1.61,2025-12-15 19:40:46,
success,0.001,1.61,2025-12-15 19:40:46,
success,0.001,1.61,2025-12-15 19:40:47,
success,0.000,1.61,2025-12-15 19:40:47,
success,0.001,1.61,2025-12-15 19:40:48,
success,0.001,1.61,2025-12-15 19:40:49,
success,0.000,1.61,2025-12-15 19:40:49,
success,0.000,1.61,2025-12-15 19:40:50,
success,0.001,1.61,2025-12-15 19:40:50,
success,0.000,1.61,2025-12-15 19:40:51,
success,0.000,1.61,2025-12-15 19:40:51,
success,0.000,1.61,2025-12-15 19:40:52,
success,0.000,1.61,2025-12-15 19:40:52,
success,0.001,1.61,2025-12-15 19:40:53,
success,0.001,1.61,2025-12-15 19:40:53,
success,0.001,1.61,2025-12-15 19:40:54,
success,0.000,1.61,2025-12-15 19:40:54,
success,0.001,1.61,2025-12-15 19:40:55,
success,0.000,1.61,2025-12-15 19:40:55,
success,0.001,1.61,2025-12-15 19:40:56,
success,0.000,1.61,2025-12-15 19:40:56,
success,0.000,1.61,2025-12-15 19:40:57,
success,0.000,1.61,2025-12-15 19:40:57,
success,0.000,1.61,2025-12-15 19:40:58,
success,0.000,1.61,2025-12-15 19:40:59,
success,0.001,1.61,2025-12-15 19:40:59,
success,0.001,1.61,2025-12-15 19:41:00,
success,0.001,1.61,2025-12-15 19:41:00,
success,0.000,1.61,2025-12-15 19:41:01,
success,0.001,1.61,2025-12-15 19:41:01,
success,0.000,1.61,2025-12-15 19:41:02,
success,0.001,1.61,2025-12-15 19:41:02,
success,0.000,1.61,2025-12-15 19:41:03,
success,0.001,1.61,2025-12-15 19:41:03,
success,0.000,1.61,2025-12-15 19:41:04,
success,0.001,1.61,2025-12-15 19:41:04,
success,0.000,1.61,2025-12-15 19:41:05,
success,0.001,1.61,2025-12-15 19:41:05,
success,0.000,1.61,2025-12-15 19:41:06,
success,0.001,1.61,2025-12-15 19:41:06,
success,0.001,1.61,2025-12-15 19:41:07,
success,0.001,1.61,2025-12-15 19:41:07,
success,0.000,1.61,2025-12-15 19:41:08,
success,0.001,1.61,2025-12-15 19:41:09,
success,0.001,1.61,2025-12-15 19:41:09,
success,0.000,1.61,2025-12-15 19:41:10,
success,0.001,1.61,2025-12-15 19:41:10,
success,0.000,1.61,2025-12-15 19:41:11,
success,0.001,1.61,2025-12-15 19:41:11,
success,0.001,1.61,2025-12-15 19:41:12,
success,0.001,1.61,2025-12-15 19:41:12,
success,0.001,1.61,2025-12-15 19:41:13,
success,0.000,1.61,2025-12-15 19:41:13,
success,0.001,1.61,2025-12-15 19:41:14,
success,0.000,1.61,2025-12-15 19:41:14,
success,0.000,1.61,2025-12-15 19:41:15,
success,0.000,1.61,2025-12-15 19:41:15,
success,0.001,1.61,2025-12-15 19:41:16,
success,0.001,1.61,2025-12-15 19:41:16,
